{
    "name":"MockDataCFC",
    "version":"3.1.0+13",
    "location":"https://downloads.ortussolutions.com/ortussolutions/coldbox-modules/MockDataCFC/3.1.0/MockDataCFC-3.1.0.zip",
    "author":"Ortus Solutions",
    "homepage":"https://github.com/Ortus-Solutions/MockDataCFC",
    "documentation":"https://github.com/Ortus-Solutions/MockDataCFC",
    "repository":{
        "type":"git",
        "URL":"https://github.com/Ortus-Solutions/MockDataCFC"
    },
    "bugs":"https://github.com/Ortus-Solutions/MockDataCFC/issues",
    "slug":"mockdatacfc",
    "shortDescription":"MockData is a service to generate fake JSON data via command line arguments, CFC calls or embedded RESTFul service",
    "type":"modules",
    "keywords":[
        "Mock Data"
    ],
    "contributors":[
        "Ray Camden",
        "Luis Majano <lmajano@ortussolutions.com>"
    ],
    "dependencies":{},
    "devDependencies":{},
    "installPaths":{},
    "ignore":[
        "**/.*",
        "test-harness",
        "*/.md"
    ],
    "scripts":{
        "toMaster":"recipe build/toMaster.boxr"
    }
}